Date,Adj Close,Close,High,Low,Open,Volume
2022-09-27,126.0,126.0,126.0,114.0,120.0,2338000
2022-09-28,119.69999694824219,119.69999694824219,127.0,119.69999694824219,121.9000015258789,278000
2022-09-29,115.05000305175781,115.05000305175781,120.0,113.75,116.1500015258789,168000
2022-09-30,115.6500015258789,115.6500015258789,116.8499984741211,109.30000305175781,113.0,242000
2022-10-03,120.8499984741211,120.8499984741211,121.4000015258789,111.19999694824219,114.0,324000
2022-10-04,120.25,120.25,126.75,118.0,123.0,146000
2022-10-06,116.75,116.75,124.0,115.0999984741211,120.0,110000
2022-10-07,121.5999984741211,121.5999984741211,122.55000305175781,115.0,119.0,140000
2022-10-10,127.6500015258789,127.6500015258789,127.6500015258789,122.0999984741211,122.75,362000
2022-10-11,134.0,134.0,134.0,130.0,133.0,184000
2022-10-12,139.5,139.5,147.39999389648438,136.5,141.0,472000
2022-10-13,131.6999969482422,131.6999969482422,141.0,126.0999984741211,141.0,216000
2022-10-14,140.10000610351562,140.10000610351562,148.0,132.0,132.0,232000
2022-10-17,155.9499969482422,155.9499969482422,158.9499969482422,142.0,143.0,366000
2022-10-18,165.64999389648438,165.64999389648438,172.9499969482422,157.14999389648438,162.4499969482422,370000
2022-10-19,158.3000030517578,158.3000030517578,166.0,156.3000030517578,165.64999389648438,202000
2022-10-20,156.64999389648438,156.64999389648438,159.0,151.0,159.0,98000
2022-10-21,157.9499969482422,157.9499969482422,164.0,154.0500030517578,159.64999389648438,140000
2022-10-24,158.9499969482422,158.9499969482422,162.85000610351562,155.0,159.0,64000
2022-10-25,152.64999389648438,152.64999389648438,159.6999969482422,150.25,156.14999389648438,94000
2022-10-27,137.89999389648438,137.89999389648438,151.0,136.0,151.0,280000
2022-10-28,140.14999389648438,140.14999389648438,142.60000610351562,139.0,140.0,122000
2022-10-31,134.60000610351562,134.60000610351562,142.6999969482422,132.10000610351562,142.6999969482422,118000
2022-11-01,133.35000610351562,133.35000610351562,135.8000030517578,132.0,135.8000030517578,94000
2022-11-02,131.8000030517578,131.8000030517578,134.75,127.0,133.5,152000
2022-11-03,138.25,138.25,141.0,129.0,131.3000030517578,180000
2022-11-04,157.8000030517578,157.8000030517578,162.0,140.0,140.0,274000
2022-11-07,160.9499969482422,160.9499969482422,165.25,155.5,160.0,256000
2022-11-09,154.39999389648438,154.39999389648438,160.9499969482422,151.1999969482422,160.9499969482422,110000
2022-11-10,155.39999389648438,155.39999389648438,160.0,150.10000610351562,151.5,56000
2022-11-11,154.14999389648438,154.14999389648438,160.0,152.5,158.0,112000
2022-11-14,133.89999389648438,133.89999389648438,157.5,132.0,157.5,356000
2022-11-15,149.64999389648438,149.64999389648438,152.9499969482422,135.5,137.0,268000
2022-11-16,143.35000610351562,143.35000610351562,149.35000610351562,139.0,149.35000610351562,214000
2022-11-17,146.5,146.5,151.0,143.1999969482422,149.0,116000
2022-11-18,145.6999969482422,145.6999969482422,148.89999389648438,142.0500030517578,148.89999389648438,102000
2022-11-21,147.0,147.0,148.89999389648438,141.14999389648438,141.85000610351562,54000
2022-11-22,140.64999389648438,140.64999389648438,144.10000610351562,140.0,144.10000610351562,60000
2022-11-23,141.8000030517578,141.8000030517578,146.25,133.3000030517578,143.8000030517578,192000
2022-11-24,140.0,140.0,143.9499969482422,137.0500030517578,140.1999969482422,92000
2022-11-25,140.0,140.0,142.14999389648438,138.0500030517578,140.0,42000
2022-11-28,139.10000610351562,139.10000610351562,140.0,135.39999389648438,135.39999389648438,26000
2022-11-29,142.0500030517578,142.0500030517578,143.0,135.6999969482422,135.6999969482422,68000
2022-11-30,140.10000610351562,140.10000610351562,142.8000030517578,138.25,138.25,30000
2022-12-01,142.3000030517578,142.3000030517578,142.8000030517578,140.0,141.0,70000
2022-12-02,142.60000610351562,142.60000610351562,144.0,138.8000030517578,141.0,52000
2022-12-05,140.0500030517578,140.0500030517578,140.9499969482422,140.0,140.1999969482422,14000
2022-12-06,140.60000610351562,140.60000610351562,142.75,139.0,140.0,18000
2022-12-07,148.4499969482422,148.4499969482422,151.0,139.0500030517578,142.5,146000
2022-12-08,145.85000610351562,145.85000610351562,152.0,143.0,152.0,48000
2022-12-09,141.5500030517578,141.5500030517578,146.35000610351562,141.1999969482422,142.5500030517578,50000
2022-12-12,140.9499969482422,140.9499969482422,144.75,140.14999389648438,142.10000610351562,18000
2022-12-13,139.5500030517578,139.5500030517578,142.8000030517578,138.0,142.8000030517578,44000
2022-12-14,140.0500030517578,140.0500030517578,141.5500030517578,138.35000610351562,139.60000610351562,18000
2022-12-15,140.1999969482422,140.1999969482422,141.6999969482422,139.0,140.0500030517578,38000
2022-12-16,143.25,143.25,144.0,138.0,138.10000610351562,46000
2022-12-19,141.0,141.0,146.4499969482422,140.4499969482422,144.0,38000
2022-12-20,142.0,142.0,144.0,141.0,141.0,22000
2022-12-21,132.5,132.5,144.0,132.0,142.10000610351562,64000
2022-12-22,131.0,131.0,133.5500030517578,124.0,133.5,72000
2022-12-23,126.4000015258789,126.4000015258789,130.0,125.0,130.0,38000
2022-12-26,127.94999694824219,127.94999694824219,131.9499969482422,127.05000305175781,130.0,36000
2022-12-27,132.25,132.25,133.0500030517578,129.0500030517578,130.8000030517578,28000
2022-12-28,133.9499969482422,133.9499969482422,133.9499969482422,130.64999389648438,130.64999389648438,4000
2022-12-29,137.89999389648438,137.89999389648438,145.89999389648438,134.9499969482422,135.0,506000
2022-12-30,141.9499969482422,141.9499969482422,143.0,138.85000610351562,140.0,40000
2023-01-02,142.14999389648438,142.14999389648438,144.0,142.0,142.0,76000
2023-01-03,141.35000610351562,141.35000610351562,143.85000610351562,141.0,142.0,80000
2023-01-04,139.9499969482422,139.9499969482422,142.8000030517578,138.89999389648438,142.8000030517578,28000
2023-01-05,138.35000610351562,138.35000610351562,140.0,136.0,139.9499969482422,36000
2023-01-06,136.0,136.0,137.5,132.8000030517578,137.5,36000
2023-01-09,139.5500030517578,139.5500030517578,140.0,136.0,140.0,42000
2023-01-10,140.0,140.0,140.0,137.39999389648438,139.5500030517578,56000
2023-01-11,143.14999389648438,143.14999389648438,144.0,139.0,139.9499969482422,82000
2023-01-12,140.89999389648438,140.89999389648438,143.0,140.0,143.0,34000
2023-01-13,139.5500030517578,139.5500030517578,140.0,137.0,139.10000610351562,24000
2023-01-16,140.0,140.0,141.0500030517578,138.0,138.0,14000
2023-01-17,137.6999969482422,137.6999969482422,139.0,137.6999969482422,139.0,6000
2023-01-18,136.14999389648438,136.14999389648438,137.89999389648438,135.9499969482422,137.89999389648438,16000
2023-01-19,137.0,137.0,140.0,137.0,138.0,10000
2023-01-20,134.9499969482422,134.9499969482422,136.75,134.0,136.0,10000
2023-01-23,133.35000610351562,133.35000610351562,137.8000030517578,133.35000610351562,137.8000030517578,14000
2023-01-24,133.1999969482422,133.1999969482422,135.0,132.10000610351562,132.1999969482422,28000
2023-01-25,141.10000610351562,141.10000610351562,145.0,137.0,137.0,190000
2023-01-27,135.4499969482422,135.4499969482422,141.9499969482422,135.0,141.9499969482422,64000
2023-01-30,136.5,136.5,138.0,135.0,136.0,12000
2023-01-31,134.5,134.5,136.5,133.0,136.5,14000
2023-02-01,130.25,130.25,139.89999389648438,129.10000610351562,139.89999389648438,46000
2023-02-02,139.0,139.0,141.0,130.0,130.1999969482422,40000
2023-02-03,138.8000030517578,138.8000030517578,139.0,134.0500030517578,135.5500030517578,56000
2023-02-06,138.0,138.0,138.0,138.0,138.0,12000
2023-02-07,144.8000030517578,144.8000030517578,148.0,136.25,139.0,174000
2023-02-08,140.64999389648438,140.64999389648438,144.0,139.35000610351562,142.0,20000
2023-02-09,140.64999389648438,140.64999389648438,140.64999389648438,139.5,140.64999389648438,10000
2023-02-10,139.0,139.0,140.0,138.0,140.0,6000
2023-02-13,134.1999969482422,134.1999969482422,139.8000030517578,133.4499969482422,139.0,36000
2023-02-14,135.85000610351562,135.85000610351562,136.5,135.1999969482422,136.0,6000
2023-02-15,136.25,136.25,139.0,135.0500030517578,137.0,16000
2023-02-16,136.25,136.25,139.0,136.25,138.1999969482422,16000
2023-02-17,134.35000610351562,134.35000610351562,135.9499969482422,134.1999969482422,135.0,9000
2023-02-20,137.25,137.25,137.89999389648438,134.0,134.0,14000
2023-02-21,136.85000610351562,136.85000610351562,139.89999389648438,136.0,138.85000610351562,34000
2023-02-22,136.5,136.5,139.1999969482422,135.0,135.0,35000
2023-02-23,134.35000610351562,134.35000610351562,136.35000610351562,134.25,136.0,15000
2023-02-24,130.39999389648438,130.39999389648438,134.5,128.9499969482422,134.5,37000
2023-02-27,134.64999389648438,134.64999389648438,139.0,132.0,132.0,78000
2023-02-28,137.64999389648438,137.64999389648438,138.64999389648438,134.0,136.0,74000
2023-03-01,139.0500030517578,139.0500030517578,139.5,135.0500030517578,137.5500030517578,41000
2023-03-02,157.35000610351562,157.35000610351562,162.9499969482422,137.9499969482422,140.0,393000
2023-03-03,158.3000030517578,158.3000030517578,162.35000610351562,155.0,158.10000610351562,117000
2023-03-06,165.9499969482422,165.9499969482422,168.39999389648438,160.3000030517578,160.3000030517578,164000
2023-03-08,178.39999389648438,178.39999389648438,183.0,163.0,163.0,533000
2023-03-09,172.10000610351562,172.10000610351562,178.10000610351562,170.8000030517578,175.60000610351562,52000
2023-03-10,166.85000610351562,166.85000610351562,170.0,165.0,170.0,39000
2023-03-13,163.5500030517578,163.5500030517578,172.0,160.1999969482422,167.5,51000
2023-03-14,161.6999969482422,161.6999969482422,162.6999969482422,158.0,162.6999969482422,33000
2023-03-15,160.9499969482422,160.9499969482422,164.8000030517578,158.0,162.0,31000
2023-03-16,161.10000610351562,161.10000610351562,165.0,158.0500030517578,158.1999969482422,26000
2023-03-17,169.6999969482422,169.6999969482422,170.8000030517578,163.10000610351562,163.9499969482422,87000
2023-03-20,181.3000030517578,181.3000030517578,185.0,165.0,165.10000610351562,84000
2023-03-21,184.5,184.5,192.0,180.0500030517578,192.0,121000
2023-03-22,184.9499969482422,184.9499969482422,186.5,183.0,185.0,32000
2023-03-23,181.3000030517578,181.3000030517578,183.85000610351562,179.0,180.0500030517578,50000
2023-03-24,176.10000610351562,176.10000610351562,179.0,175.0,179.0,18000
2023-03-27,175.85000610351562,175.85000610351562,177.0,171.0500030517578,174.0,32000
2023-03-28,178.0,178.0,180.0,174.0,175.0,50000
2023-03-29,181.6999969482422,181.6999969482422,181.6999969482422,178.0,179.25,47000
2023-03-31,192.4499969482422,192.4499969482422,200.89999389648438,178.1999969482422,178.1999969482422,43000
2023-04-03,203.8000030517578,203.8000030517578,207.9499969482422,192.0,192.39999389648438,293000
2023-04-05,213.0500030517578,213.0500030517578,220.0,200.0,213.39999389648438,203000
2023-04-06,219.25,219.25,222.0,214.60000610351562,220.0,57000
2023-04-10,205.64999389648438,205.64999389648438,224.5500030517578,202.0,224.5500030517578,107000
2023-04-11,207.89999389648438,207.89999389648438,208.75,200.0,206.0,62000
2023-04-12,209.35000610351562,209.35000610351562,216.25,208.0,211.0,80000
2023-04-13,214.6999969482422,214.6999969482422,216.0,209.8000030517578,209.8000030517578,38000
2023-04-17,217.0,217.0,219.0,206.10000610351562,210.0,61000
2023-04-18,224.0500030517578,224.0500030517578,226.0,210.0500030517578,215.0,114000
2023-04-19,225.6999969482422,225.6999969482422,233.0,224.5,227.8000030517578,105000
2023-04-20,236.5500030517578,236.5500030517578,242.89999389648438,221.0500030517578,223.0500030517578,216000
2023-04-21,234.8000030517578,234.8000030517578,245.9499969482422,234.0,245.9499969482422,62000
2023-04-24,238.6999969482422,238.6999969482422,240.0,233.1999969482422,235.5,60000
2023-04-25,239.10000610351562,239.10000610351562,239.9499969482422,233.5,237.0,40000
2023-04-26,248.6999969482422,248.6999969482422,251.5,236.25,239.9499969482422,134000
2023-04-27,242.4499969482422,242.4499969482422,256.0,241.0,253.89999389648438,120000
2023-04-28,249.1999969482422,249.1999969482422,252.0,243.85000610351562,244.6999969482422,68000
2023-05-02,254.75,254.75,259.0,248.0,248.0,45000
2023-05-03,253.39999389648438,253.39999389648438,262.70001220703125,251.5,254.0,80000
2023-05-04,254.3000030517578,254.3000030517578,257.0,252.0,254.0,39000
2023-05-05,239.0,239.0,253.9499969482422,230.0,250.0,89000
2023-05-08,238.0,238.0,241.5500030517578,237.10000610351562,238.0500030517578,20000
2023-05-09,242.39999389648438,242.39999389648438,245.85000610351562,239.0,240.0,41000
2023-05-10,242.0,242.0,246.0,242.0,244.0,21000
2023-05-11,251.0,251.0,252.5,248.8000030517578,248.8000030517578,49000
2023-05-12,252.9499969482422,252.9499969482422,254.4499969482422,252.0500030517578,254.4499969482422,18000
2023-05-15,255.25,255.25,258.79998779296875,251.0,251.3000030517578,36000
2023-05-16,259.79998779296875,259.79998779296875,260.3999938964844,255.0,255.0,25000
2023-05-17,263.95001220703125,263.95001220703125,267.0,251.10000610351562,253.0,73000
2023-05-18,269.54998779296875,269.54998779296875,270.95001220703125,262.04998779296875,262.04998779296875,61000
2023-05-19,265.79998779296875,265.79998779296875,277.5,263.04998779296875,268.0,36000
2023-05-22,258.04998779296875,258.04998779296875,265.79998779296875,257.25,265.79998779296875,14000
2023-05-23,232.1999969482422,232.1999969482422,254.85000610351562,229.0,253.14999389648438,104000
2023-05-24,238.3000030517578,238.3000030517578,241.4499969482422,212.0,229.0,147000
2023-05-25,248.0,248.0,249.8000030517578,238.0,240.0,41000
2023-05-26,251.5,251.5,254.0,240.5500030517578,250.0,14000
2023-05-29,259.1499938964844,259.1499938964844,261.0,249.64999389648438,251.0,52000
2023-05-30,264.95001220703125,264.95001220703125,276.0,264.0,266.6000061035156,87000
2023-05-31,259.3500061035156,259.3500061035156,270.0,254.35000610351562,265.0,38000
2023-06-01,242.89999389648438,242.89999389648438,255.0500030517578,240.0,255.0500030517578,43000
2023-06-02,248.0,248.0,248.25,240.0,240.0,19000
2023-06-05,255.89999389648438,255.89999389648438,257.8999938964844,245.0,246.0,18000
2023-06-06,245.64999389648438,245.64999389648438,257.0,245.64999389648438,256.0,19000
2023-06-07,260.0,260.0,267.0,240.5,240.5,54000
2023-06-08,259.79998779296875,259.79998779296875,270.3999938964844,256.0,266.8999938964844,36000
2023-06-09,260.0,260.0,260.0,258.95001220703125,259.79998779296875,5000
2023-06-12,250.5,250.5,260.0,249.60000610351562,260.0,20000
2023-06-13,248.3000030517578,248.3000030517578,251.0500030517578,244.0,251.0500030517578,27000
2023-06-14,255.0,255.0,262.0,251.0,251.0,28000
2023-06-15,259.95001220703125,259.95001220703125,262.0,255.0,255.0,10000
2023-06-16,253.5,253.5,263.95001220703125,251.0,263.95001220703125,19000
2023-06-19,257.0,257.0,259.95001220703125,250.0,255.0,13000
2023-06-20,260.0,260.0,264.0,255.0500030517578,264.0,9000
2023-06-21,258.5,258.5,264.0,256.0,260.0,14000
2023-06-22,261.79998779296875,261.79998779296875,261.79998779296875,257.0,257.0,8000
2023-06-23,259.79998779296875,259.79998779296875,261.95001220703125,252.10000610351562,252.10000610351562,41000
2023-06-26,260.3500061035156,260.3500061035156,263.0,259.5,263.0,16000
2023-06-27,265.25,265.25,270.0,261.5,261.5,29000
2023-06-28,269.25,269.25,274.8999938964844,260.20001220703125,260.20001220703125,32000
2023-06-30,273.8500061035156,273.8500061035156,280.0,272.0,278.8999938964844,55000
2023-07-03,301.04998779296875,301.04998779296875,312.6000061035156,276.0,276.0,192000
2023-07-04,315.25,315.25,317.8999938964844,304.5,304.5,90000
2023-07-05,309.6000061035156,309.6000061035156,327.95001220703125,290.0,319.95001220703125,82000
2023-07-06,310.0,310.0,316.0,309.6000061035156,309.6000061035156,18000
2023-07-07,294.3500061035156,294.3500061035156,309.95001220703125,290.04998779296875,309.95001220703125,85000
2023-07-10,299.6499938964844,299.6499938964844,305.75,299.0,299.0,21000
2023-07-11,309.3500061035156,309.3500061035156,312.0,302.0,302.0,29000
2023-07-12,301.0,301.0,310.0,299.0,309.95001220703125,45000
2023-07-13,290.75,290.75,301.0,288.0,301.0,52000
2023-07-14,295.0,295.0,297.0,284.0,288.20001220703125,23000
2023-07-17,287.0,287.0,295.0,285.0,295.0,13000
2023-07-18,280.1499938964844,280.1499938964844,292.5,277.20001220703125,285.79998779296875,41000
2023-07-19,279.95001220703125,279.95001220703125,280.1499938964844,277.0,280.1499938964844,12000
2023-07-20,284.95001220703125,284.95001220703125,295.0,280.54998779296875,295.0,19000
2023-07-21,289.29998779296875,289.29998779296875,291.6000061035156,286.1000061035156,286.1000061035156,11000
2023-07-24,278.3999938964844,278.3999938964844,289.5,275.3999938964844,289.5,18000
2023-07-25,283.8500061035156,283.8500061035156,289.45001220703125,276.0,277.0,22000
2023-07-26,286.0,286.0,294.0,286.0,292.8999938964844,8000
2023-07-27,278.25,278.25,290.0,275.0,290.0,30000
2023-07-28,294.95001220703125,294.95001220703125,295.0,280.0,284.0,35000
2023-07-31,289.3500061035156,289.3500061035156,296.0,288.0,296.0,25000
2023-08-01,294.0,294.0,295.0,286.1000061035156,291.0,32000
2023-08-02,299.6499938964844,299.6499938964844,308.95001220703125,297.0,298.5,65000
2023-08-03,303.5,303.5,309.75,296.1499938964844,305.0,23000
2023-08-04,309.0,309.0,309.45001220703125,302.0,302.0,36000
2023-08-07,317.20001220703125,317.20001220703125,321.0,306.0,314.8999938964844,74000
2023-08-08,313.0,313.0,325.0,310.0,321.5,79000
2023-08-09,309.75,309.75,315.0,301.54998779296875,313.5,23000
2023-08-10,308.0,308.0,315.0,306.0,315.0,22000
2023-08-11,326.8999938964844,326.8999938964844,331.0,307.0,310.0,224000
2023-08-14,340.6499938964844,340.6499938964844,342.0,325.0,330.0,100000
2023-08-16,322.3500061035156,322.3500061035156,342.0,320.5,340.0,55000
2023-08-17,340.0,340.0,340.0,322.0,329.0,41000
2023-08-18,350.29998779296875,350.29998779296875,353.0,341.8999938964844,342.0,98000
2023-08-21,353.5,353.5,358.0,351.0,354.0,57000
2023-08-22,350.0,350.0,354.45001220703125,346.0,353.5,18000
2023-08-23,343.25,343.25,347.0,342.0,343.1499938964844,26000
2023-08-24,336.75,336.75,340.3999938964844,330.0,331.0,34000
2023-08-25,328.1499938964844,328.1499938964844,338.0,323.0,335.0,44000
2023-08-28,327.6499938964844,327.6499938964844,348.0,325.3500061035156,339.79998779296875,45000
2023-08-29,334.3500061035156,334.3500061035156,335.0,330.0,333.8999938964844,27000
2023-08-30,333.0,333.0,340.0,332.1499938964844,337.70001220703125,27000
2023-08-31,328.1499938964844,328.1499938964844,336.0,326.1499938964844,334.6499938964844,27000
2023-09-01,328.6000061035156,328.6000061035156,332.70001220703125,321.0,327.1000061035156,43000
2023-09-04,331.29998779296875,331.29998779296875,335.0,320.70001220703125,322.04998779296875,37000
2023-09-05,333.3999938964844,333.3999938964844,335.0,325.0,325.0,102000
2023-09-06,321.3999938964844,321.3999938964844,332.0,320.0,331.1000061035156,41000
2023-09-07,322.0,322.0,325.0,316.20001220703125,318.54998779296875,18000
2023-09-08,315.25,315.25,328.0,314.0,322.0,32000
2023-09-11,298.1499938964844,298.1499938964844,315.0,278.8500061035156,306.29998779296875,192000
2023-09-12,292.6499938964844,292.6499938964844,305.0,286.0,297.0,60000
2023-09-13,295.0,295.0,298.0,290.3999938964844,297.95001220703125,20000
2023-09-14,286.1499938964844,286.1499938964844,297.95001220703125,285.0,297.95001220703125,34000
2023-09-15,282.70001220703125,282.70001220703125,294.0,279.8500061035156,286.1499938964844,60000
2023-09-18,286.8500061035156,286.8500061035156,289.8999938964844,283.0,286.20001220703125,21000
2023-09-20,277.6499938964844,277.6499938964844,282.3500061035156,275.5,281.0,37000
2023-09-21,279.04998779296875,279.04998779296875,280.0,275.5,275.5,21000
2023-09-22,285.0,285.0,290.0,280.0,288.0,20000
2023-09-25,266.8500061035156,266.8500061035156,287.0,259.0,287.0,68000
2023-09-26,269.0,269.0,279.5,266.3500061035156,267.5,45000
2023-09-27,273.1499938964844,273.1499938964844,282.0,268.0,268.0,42000
2023-09-28,275.0,275.0,282.0,273.54998779296875,280.0,18000
2023-09-29,295.20001220703125,295.20001220703125,312.95001220703125,251.64999389648438,260.0,472000
2023-10-03,272.8500061035156,272.8500061035156,290.0,265.0,265.0,426000
2023-10-04,273.8999938964844,273.8999938964844,275.0,269.3999938964844,274.20001220703125,93000
2023-10-05,274.95001220703125,274.95001220703125,281.5,268.04998779296875,273.5,285000
2023-10-06,282.0,282.0,283.95001220703125,275.04998779296875,280.0,109000
2023-10-09,279.6499938964844,279.6499938964844,282.0,275.0,280.0,41000
2023-10-10,289.8999938964844,289.8999938964844,293.95001220703125,282.04998779296875,284.95001220703125,126000
2023-10-11,303.1499938964844,303.1499938964844,307.1499938964844,290.0,290.0,117000
2023-10-12,320.70001220703125,320.70001220703125,325.1499938964844,308.0,309.0,173000
2023-10-13,332.3500061035156,332.3500061035156,334.95001220703125,321.04998779296875,321.1000061035156,180000
2023-10-16,309.25,309.25,328.95001220703125,306.0,326.04998779296875,107000
2023-10-17,300.3500061035156,300.3500061035156,310.1000061035156,295.0,310.1000061035156,61000
2023-10-18,306.79998779296875,306.79998779296875,307.0,295.0,296.1499938964844,69000
2023-10-19,307.6000061035156,307.6000061035156,311.1499938964844,301.04998779296875,305.0,44000
2023-10-20,306.8999938964844,306.8999938964844,312.6000061035156,304.0,304.0,81000
2023-10-23,283.3500061035156,283.3500061035156,305.0,280.0,305.0,166000
2023-10-25,280.0,280.0,291.8500061035156,271.0,285.0,105000
2023-10-26,280.95001220703125,280.95001220703125,282.95001220703125,266.6000061035156,280.0,70000
2023-10-27,291.45001220703125,291.45001220703125,292.1499938964844,280.95001220703125,280.95001220703125,30000
2023-10-30,299.1000061035156,299.1000061035156,302.0,286.0,295.0,49500
2023-10-31,302.0,302.0,305.0,292.5,300.0,18000
2023-11-01,298.95001220703125,298.95001220703125,304.95001220703125,295.0,303.0,24000
2023-11-02,295.5,295.5,306.95001220703125,295.04998779296875,301.1000061035156,24000
2023-11-03,296.04998779296875,296.04998779296875,306.95001220703125,295.1000061035156,302.0,51500
2023-11-06,295.45001220703125,295.45001220703125,300.0,294.0,297.5,18000
2023-11-07,299.1499938964844,299.1499938964844,306.0,292.54998779296875,299.8999938964844,63500
2023-11-08,312.20001220703125,312.20001220703125,313.0,297.95001220703125,309.95001220703125,134500
2023-11-09,342.79998779296875,342.79998779296875,347.0,295.0,313.0,494000
2023-11-10,324.70001220703125,324.70001220703125,360.0,320.3999938964844,360.0,218000
2023-11-13,315.8999938964844,315.8999938964844,333.5,314.0,333.5,47000
2023-11-15,321.1000061035156,321.1000061035156,329.95001220703125,317.0,321.0,43000
2023-11-16,319.5,319.5,328.0,317.04998779296875,323.04998779296875,53500
2023-11-17,322.1499938964844,322.1499938964844,334.79998779296875,319.5,324.0,47500
2023-11-20,330.3500061035156,330.3500061035156,339.0,325.25,325.25,97500
2023-11-21,333.1000061035156,333.1000061035156,334.8999938964844,328.0,330.0,58500
2023-11-22,330.70001220703125,330.70001220703125,337.75,328.8500061035156,334.0,66500
2023-11-23,322.1499938964844,322.1499938964844,332.95001220703125,320.3500061035156,332.95001220703125,53500
2023-11-24,319.75,319.75,329.8500061035156,317.6000061035156,328.95001220703125,56500
2023-11-28,317.29998779296875,317.29998779296875,324.75,305.0,318.1000061035156,343000
2023-11-29,336.95001220703125,336.95001220703125,355.0,329.0,329.54998779296875,217500
2023-11-30,346.1499938964844,346.1499938964844,350.0,333.0,343.3999938964844,154500
2023-12-01,366.3500061035156,366.3500061035156,375.0,347.95001220703125,355.0,157500
2023-12-04,362.54998779296875,362.54998779296875,381.0,358.0,374.0,111000
2023-12-05,355.54998779296875,355.54998779296875,367.3999938964844,352.0,362.5,48000
2023-12-06,353.3500061035156,353.3500061035156,359.75,346.1000061035156,355.54998779296875,47500
2023-12-07,365.1000061035156,365.1000061035156,372.75,350.3999938964844,355.1000061035156,50000
2023-12-08,365.79998779296875,365.79998779296875,375.1000061035156,358.54998779296875,370.0,66000
2023-12-11,364.04998779296875,364.04998779296875,371.8500061035156,358.1000061035156,365.8500061035156,29500
2023-12-12,347.79998779296875,347.79998779296875,362.0,344.0,362.0,79000
2023-12-13,342.0,342.0,353.0,341.20001220703125,350.0,25000
2023-12-14,343.6499938964844,343.6499938964844,349.5,340.0,342.3500061035156,26500
2023-12-15,338.3500061035156,338.3500061035156,349.3999938964844,336.1000061035156,349.0,28000
2023-12-18,326.3999938964844,326.3999938964844,340.0,325.20001220703125,340.0,94000
2023-12-19,330.0,330.0,345.0,326.5,326.5,53000
2023-12-20,322.75,322.75,337.0,319.95001220703125,337.0,39000
2023-12-21,330.20001220703125,330.20001220703125,333.0,316.0,320.0,33000
2023-12-22,323.79998779296875,323.79998779296875,331.95001220703125,323.0,327.0,46500
2023-12-26,319.5,319.5,324.45001220703125,316.0,323.0,32500
2023-12-27,316.8999938964844,316.8999938964844,326.6499938964844,316.45001220703125,323.95001220703125,35500
2023-12-28,310.5,310.5,318.5,304.0,310.1000061035156,140000
2023-12-29,300.6000061035156,300.6000061035156,310.0,298.0,310.0,169000
2024-01-01,291.75,291.75,302.0,290.04998779296875,301.0,72500
2024-01-02,316.8999938964844,316.8999938964844,319.8500061035156,293.3999938964844,294.29998779296875,83500
2024-01-03,310.3500061035156,310.3500061035156,317.0,307.45001220703125,317.0,52500
2024-01-04,306.6000061035156,306.6000061035156,315.0,305.0,313.95001220703125,67000
2024-01-05,308.8500061035156,308.8500061035156,313.95001220703125,306.0,308.0,32500
2024-01-08,302.95001220703125,302.95001220703125,308.5,301.54998779296875,302.0,39000
2024-01-09,316.1499938964844,316.1499938964844,318.8500061035156,302.5,302.5,68000
2024-01-10,320.8999938964844,320.8999938964844,324.3999938964844,307.0,315.1499938964844,142500
2024-01-11,317.1499938964844,317.1499938964844,327.79998779296875,310.0,327.79998779296875,118500
2024-01-12,321.6000061035156,321.6000061035156,324.5,315.0,320.0,39500
2024-01-15,321.6000061035156,321.6000061035156,321.6000061035156,321.6000061035156,321.6000061035156,0
2024-01-16,321.8999938964844,321.8999938964844,324.45001220703125,310.0,319.0,70500
2024-01-17,330.54998779296875,330.54998779296875,335.0,319.0,320.0,87500
2024-01-18,328.79998779296875,328.79998779296875,336.0,321.54998779296875,333.0,55000
2024-01-19,323.6000061035156,323.6000061035156,338.5,320.04998779296875,338.5,46500
2024-01-23,307.0,307.0,321.0,306.0,318.3999938964844,41500
2024-01-24,312.0,312.0,322.0,299.0,305.0,69000
2024-01-25,310.3500061035156,310.3500061035156,312.0,305.0,312.0,30500
2024-01-29,306.0,306.0,314.0,305.0,311.0,47500
2024-01-30,301.8500061035156,301.8500061035156,307.8999938964844,300.6499938964844,307.8999938964844,45500
2024-01-31,302.54998779296875,302.54998779296875,310.0,296.1499938964844,301.8500061035156,83000
2024-02-01,305.54998779296875,305.54998779296875,309.6000061035156,300.20001220703125,309.6000061035156,38500
2024-02-02,314.1499938964844,314.1499938964844,320.0,299.5,303.0,106500
2024-02-05,306.6499938964844,306.6499938964844,315.79998779296875,303.0,313.0,102500
2024-02-06,322.0,322.0,325.0,308.8500061035156,308.8500061035156,109000
2024-02-07,338.29998779296875,338.29998779296875,340.0,323.04998779296875,327.0,141000
2024-02-08,373.54998779296875,373.54998779296875,384.5,336.04998779296875,343.0,315000
2024-02-09,374.75,374.75,384.0,355.0,373.54998779296875,116500
2024-02-12,371.6499938964844,371.6499938964844,404.3999938964844,367.0,382.0,168500
2024-02-13,364.1000061035156,364.1000061035156,371.0,357.0,370.0,60000
2024-02-14,380.5,380.5,389.0,364.0,364.0,99000
2024-02-15,401.04998779296875,401.04998779296875,404.0,384.0,384.0,159500
2024-02-16,400.25,400.25,415.0,396.0,403.0,67000
2024-02-19,404.75,404.75,409.20001220703125,396.20001220703125,408.29998779296875,61500
2024-02-20,395.8500061035156,395.8500061035156,414.70001220703125,391.8500061035156,408.25,55000
2024-02-21,394.29998779296875,394.29998779296875,402.0,391.20001220703125,397.04998779296875,40000
2024-02-22,399.3500061035156,399.3500061035156,405.0,393.0,401.0,46500
2024-02-23,397.20001220703125,397.20001220703125,409.0,395.0,395.1000061035156,58000
2024-02-26,417.1499938964844,417.1499938964844,427.0,375.0,393.1000061035156,387000
2024-02-27,400.54998779296875,400.54998779296875,425.3500061035156,396.1499938964844,422.0,106000
2024-02-28,391.1000061035156,391.1000061035156,403.0,387.04998779296875,402.95001220703125,78000
2024-02-29,393.6000061035156,393.6000061035156,396.8999938964844,385.0,391.1000061035156,43500
2024-03-01,394.1499938964844,394.1499938964844,401.70001220703125,391.04998779296875,395.54998779296875,40500
2024-03-04,391.04998779296875,391.04998779296875,399.0,387.1000061035156,399.0,24000
2024-03-05,372.5,372.5,390.5,368.5,390.5,44500
2024-03-06,356.54998779296875,356.54998779296875,367.0,340.0,362.25,74500
2024-03-07,369.95001220703125,369.95001220703125,374.0,350.0,358.0,27500
2024-03-11,337.70001220703125,337.70001220703125,369.0,335.0,368.8999938964844,72000
2024-03-12,324.1000061035156,324.1000061035156,344.0,320.0,331.0,74500
2024-03-13,305.1499938964844,305.1499938964844,333.95001220703125,300.20001220703125,333.95001220703125,76500
2024-03-14,330.1000061035156,330.1000061035156,331.0,311.0,311.0,42500
2024-03-18,322.95001220703125,322.95001220703125,331.0,319.0,331.0,17500
2024-03-19,339.70001220703125,339.70001220703125,344.8500061035156,320.0,320.0,38500
2024-03-20,343.8500061035156,343.8500061035156,351.0,334.8999938964844,337.0,36500
2024-03-21,350.1000061035156,350.1000061035156,373.0,343.8500061035156,343.8500061035156,77000
2024-03-22,398.5,398.5,410.0,351.5,361.5,225000
2024-03-26,389.95001220703125,389.95001220703125,395.0,385.1000061035156,395.0,99000
2024-03-27,386.20001220703125,386.20001220703125,400.0,376.0,389.0,84000
2024-03-28,382.0,382.0,397.0,375.1000061035156,394.5,17500
2024-04-01,378.8500061035156,378.8500061035156,388.95001220703125,370.0,388.0,31000
2024-04-02,374.3999938964844,374.3999938964844,385.8999938964844,366.5,377.0,44500
2024-04-03,370.70001220703125,370.70001220703125,379.8999938964844,365.0,365.0,35500
2024-04-04,379.8500061035156,379.8500061035156,385.0,365.20001220703125,374.95001220703125,53500
2024-04-05,374.70001220703125,374.70001220703125,380.0,372.6000061035156,380.0,11500
2024-04-08,374.8500061035156,374.8500061035156,383.95001220703125,372.0,383.95001220703125,13500
2024-04-09,363.1000061035156,363.1000061035156,376.0,363.0,370.1499938964844,23000
2024-04-10,369.6000061035156,369.6000061035156,370.0,360.25,370.0,16000
2024-04-12,364.25,364.25,367.0,364.0,367.0,5500
2024-04-15,354.6000061035156,354.6000061035156,362.5,352.0,352.0,32500
2024-04-16,358.20001220703125,358.20001220703125,370.0,354.0,354.0,14500
2024-04-18,359.0,359.0,369.8999938964844,346.0,346.0,34000
2024-04-19,357.95001220703125,357.95001220703125,365.0,351.0,359.0,24000
2024-04-22,364.8500061035156,364.8500061035156,373.0,362.0,367.5,29500
2024-04-23,362.1000061035156,362.1000061035156,368.45001220703125,358.3999938964844,358.3999938964844,28000
2024-04-24,355.8999938964844,355.8999938964844,363.6499938964844,355.0,360.0,32000
2024-04-25,371.1499938964844,371.1499938964844,390.0,349.04998779296875,357.0,80000
2024-04-26,378.95001220703125,378.95001220703125,385.0,375.29998779296875,385.0,37000
2024-04-29,373.70001220703125,373.70001220703125,380.0,370.0,379.0,22000
2024-04-30,373.54998779296875,373.54998779296875,379.79998779296875,371.29998779296875,379.25,16000
2024-05-02,364.1499938964844,364.1499938964844,383.0,362.0,383.0,29500
2024-05-03,371.0,371.0,372.5,361.0,365.29998779296875,21500
2024-05-06,360.0,360.0,383.0,358.0,375.0,23000
2024-05-07,353.6499938964844,353.6499938964844,359.0,339.95001220703125,356.70001220703125,41000
2024-05-08,347.75,347.75,353.95001220703125,341.70001220703125,346.3500061035156,64000
2024-05-09,350.5,350.5,355.0,345.3500061035156,345.3999938964844,22000
2024-05-10,359.54998779296875,359.54998779296875,365.95001220703125,345.0,345.0,33500
2024-05-13,346.5,346.5,355.0,340.0,350.25,34500
2024-05-14,352.45001220703125,352.45001220703125,353.0,346.5,348.0,12000
2024-05-15,357.6000061035156,357.6000061035156,374.3999938964844,355.54998779296875,355.54998779296875,25500
2024-05-16,364.3999938964844,364.3999938964844,366.0,360.0,363.0,36500
2024-05-17,347.3500061035156,347.3500061035156,369.0,345.0,369.0,93500
2024-05-21,351.8999938964844,351.8999938964844,354.70001220703125,350.0,351.0,11500
2024-05-22,351.75,351.75,356.0,347.0,356.0,20000
2024-05-23,346.1000061035156,346.1000061035156,351.0,342.45001220703125,351.0,28500
2024-05-24,341.6000061035156,341.6000061035156,347.0,341.0,346.1000061035156,17000
2024-05-27,343.25,343.25,348.0,340.6000061035156,348.0,19000
2024-05-28,336.5,336.5,352.3999938964844,335.54998779296875,352.3999938964844,26500
2024-05-29,331.8999938964844,331.8999938964844,336.5,325.0,336.0,41000
2024-05-30,337.1499938964844,337.1499938964844,340.0,328.0,336.8500061035156,27500
2024-05-31,286.79998779296875,286.79998779296875,332.0,278.6000061035156,332.0,532500
2024-06-03,293.95001220703125,293.95001220703125,314.8999938964844,292.5,306.0,105500
2024-06-04,284.70001220703125,284.70001220703125,289.79998779296875,270.0,276.54998779296875,86500
2024-06-05,298.0,298.0,303.0,280.0,284.70001220703125,54000
2024-06-06,298.79998779296875,298.79998779296875,305.0,296.54998779296875,304.0,161000
2024-06-07,294.1000061035156,294.1000061035156,305.0,290.0,305.0,88500
2024-06-10,293.3999938964844,293.3999938964844,302.0,287.1000061035156,287.1000061035156,48500
2024-06-11,299.1000061035156,299.1000061035156,302.0,295.04998779296875,298.3999938964844,49000
2024-06-12,300.0,300.0,303.29998779296875,295.29998779296875,298.1000061035156,37500
2024-06-13,299.20001220703125,299.20001220703125,306.95001220703125,297.0,304.0,20000
2024-06-14,297.79998779296875,297.79998779296875,302.0,295.20001220703125,302.0,27500
2024-06-18,303.79998779296875,303.79998779296875,306.3999938964844,293.0,300.0,63500
2024-06-19,326.79998779296875,326.79998779296875,328.0,303.79998779296875,303.79998779296875,137000
2024-06-20,319.20001220703125,319.20001220703125,334.0,318.04998779296875,329.8500061035156,48000
2024-06-21,319.6000061035156,319.6000061035156,332.75,318.0,319.20001220703125,37000
2024-06-24,348.45001220703125,348.45001220703125,355.0,320.1000061035156,324.0,104000
2024-06-25,345.04998779296875,345.04998779296875,356.0,337.04998779296875,350.0,44500
2024-06-26,338.6000061035156,338.6000061035156,351.79998779296875,338.0,345.0,18500
2024-06-27,330.6499938964844,330.6499938964844,342.8999938964844,326.0,334.04998779296875,38000
2024-06-28,341.0,341.0,350.04998779296875,322.0,330.0,86000
2024-07-01,333.0,333.0,350.0,324.04998779296875,344.0,56500
2024-07-02,332.3500061035156,332.3500061035156,340.20001220703125,328.3999938964844,335.0,29000
2024-07-03,330.20001220703125,330.20001220703125,340.0,328.0,332.0,52500
2024-07-04,321.6499938964844,321.6499938964844,334.0,320.0,330.0,101500
2024-07-05,321.45001220703125,321.45001220703125,327.75,318.0,324.6499938964844,54000
2024-07-08,320.29998779296875,320.29998779296875,325.6499938964844,317.0,325.6499938964844,27500
2024-07-09,319.70001220703125,319.70001220703125,323.79998779296875,316.5,320.0,31000
2024-07-10,320.54998779296875,320.54998779296875,322.95001220703125,309.0,317.0,27500
2024-07-11,302.6000061035156,302.6000061035156,325.0,298.0,325.0,195000
2024-07-12,306.25,306.25,311.79998779296875,305.0,305.0,24000
2024-07-15,300.1499938964844,300.1499938964844,305.0,298.0,305.0,54000
2024-07-16,299.6499938964844,299.6499938964844,302.75,298.0,301.04998779296875,25500
2024-07-18,298.3999938964844,298.3999938964844,300.75,296.0,300.5,41500
2024-07-19,297.20001220703125,297.20001220703125,300.0,292.20001220703125,294.20001220703125,19500
2024-07-22,290.29998779296875,290.29998779296875,295.0,285.0,295.0,47000
2024-07-23,301.29998779296875,301.29998779296875,312.95001220703125,292.0,295.70001220703125,67000
2024-07-24,322.6000061035156,322.6000061035156,330.0,302.5,306.79998779296875,157500
2024-07-25,341.79998779296875,341.79998779296875,355.0,322.0,322.04998779296875,288000
2024-07-26,342.5,342.5,352.0,332.0,343.0,178000
2024-07-29,333.54998779296875,333.54998779296875,345.0,320.0,344.79998779296875,112500
2024-07-30,339.0,339.0,347.3999938964844,335.0,335.0,65000
2024-07-31,354.0,354.0,364.0,337.5,338.5,305500
2024-08-01,344.5,344.5,362.79998779296875,342.0,359.95001220703125,94500
2024-08-02,337.0,337.0,339.5,320.0,336.0,92000
2024-08-05,326.29998779296875,326.29998779296875,339.70001220703125,323.1000061035156,329.0,58000
2024-08-06,322.79998779296875,322.79998779296875,345.0,319.0,333.79998779296875,48000
2024-08-07,341.0,341.0,343.70001220703125,330.0,332.0,71500
2024-08-08,355.6499938964844,355.6499938964844,368.79998779296875,329.75,342.79998779296875,288000
2024-08-09,368.0,368.0,379.6000061035156,358.04998779296875,367.0,381000
2024-08-12,387.8500061035156,387.8500061035156,392.0,360.8999938964844,369.95001220703125,373000
2024-08-13,390.8999938964844,390.8999938964844,402.95001220703125,385.0,394.0,547500
2024-08-14,402.5,402.5,421.0,394.0,397.29998779296875,1004500
2024-08-16,401.8999938964844,401.8999938964844,421.0,395.04998779296875,407.75,173000
2024-08-19,410.0,410.0,418.5,405.5,407.8999938964844,145500
2024-08-20,429.79998779296875,429.79998779296875,448.0,405.20001220703125,412.0,384000
2024-08-21,454.5,454.5,459.95001220703125,430.0,437.95001220703125,388000
2024-08-22,464.0,464.0,470.0,446.0,458.79998779296875,216500
2024-08-23,444.1499938964844,444.1499938964844,471.04998779296875,437.20001220703125,471.04998779296875,194500
2024-08-26,454.3999938964844,454.3999938964844,465.0,444.79998779296875,449.5,219500
2024-08-27,445.54998779296875,445.54998779296875,464.95001220703125,440.5,464.95001220703125,92500
2024-08-28,473.8500061035156,473.8500061035156,480.0,452.5,453.8999938964844,460000
2024-08-29,457.04998779296875,457.04998779296875,480.0,455.0,474.70001220703125,364000
2024-08-30,481.0,481.0,489.0,450.0,469.0,441500
2024-09-02,484.5,484.5,494.8999938964844,461.25,488.0,428500
2024-09-03,459.8999938964844,459.8999938964844,484.0,455.0,483.0,143500
2024-09-04,447.8500061035156,447.8500061035156,478.0,445.04998779296875,451.0,134500
2024-09-05,443.75,443.75,454.79998779296875,439.04998779296875,447.0,67500
2024-09-06,435.3999938964844,435.3999938964844,449.5,410.0,423.70001220703125,186500
2024-09-09,435.70001220703125,435.70001220703125,445.0,417.1499938964844,435.3999938964844,229000
2024-09-10,418.54998779296875,418.54998779296875,423.95001220703125,411.04998779296875,419.0,1384000
2024-09-11,395.3500061035156,395.3500061035156,427.8999938964844,382.25,421.6499938964844,447500
2024-09-12,423.54998779296875,423.54998779296875,425.0,390.0,398.0,325500
2024-09-13,416.3500061035156,416.3500061035156,428.0,413.54998779296875,428.0,210500
2024-09-16,419.20001220703125,419.20001220703125,421.8500061035156,407.5,419.0,145500
2024-09-17,419.95001220703125,419.95001220703125,423.0,412.0,419.20001220703125,420500
2024-09-18,426.29998779296875,426.29998779296875,429.3999938964844,419.0,421.5,298500
2024-09-19,418.1499938964844,418.1499938964844,434.8999938964844,413.0,432.0,484000
2024-09-20,415.79998779296875,415.79998779296875,425.0,408.0,420.0,412000
2024-09-23,441.20001220703125,441.20001220703125,443.0,418.0,420.1499938964844,348000
2024-09-24,428.6499938964844,428.6499938964844,441.0,426.0,440.0,232500
2024-09-25,426.04998779296875,426.04998779296875,438.0,425.1000061035156,430.0,122500
2024-09-26,419.95001220703125,419.95001220703125,429.95001220703125,419.0,426.04998779296875,266500
2024-09-27,412.3999938964844,412.3999938964844,426.0,408.1499938964844,418.5,297000
2024-09-30,394.1000061035156,394.1000061035156,415.8999938964844,378.0,415.8500061035156,129000
2024-10-01,395.45001220703125,395.45001220703125,411.5,390.0,399.1000061035156,136000
2024-10-03,399.0,399.0,409.8999938964844,396.5,399.0,79500
2024-10-04,396.5,396.5,401.95001220703125,392.04998779296875,400.1000061035156,49500
2024-10-07,377.54998779296875,377.54998779296875,401.0,372.0,396.5,299500
2024-10-08,400.04998779296875,400.04998779296875,407.95001220703125,368.0,379.0,256000
2024-10-09,406.29998779296875,406.29998779296875,412.0,402.0,405.45001220703125,76500
2024-10-10,398.8500061035156,398.8500061035156,410.0,397.0,409.5,25500
2024-10-11,404.6000061035156,404.6000061035156,408.0,398.0,398.8500061035156,49000
2024-10-14,396.5,396.5,410.0,396.0,409.8999938964844,26500
2024-10-15,392.54998779296875,392.54998779296875,402.8999938964844,390.1000061035156,400.0,33000
2024-10-16,402.29998779296875,402.29998779296875,408.0,393.20001220703125,397.1000061035156,67500
2024-10-17,393.8999938964844,393.8999938964844,402.29998779296875,393.0,402.29998779296875,65500
2024-10-18,395.29998779296875,395.29998779296875,406.0,380.0,392.20001220703125,90000
2024-10-21,380.3999938964844,380.3999938964844,400.0,378.0,396.0,77000
2024-10-22,375.1499938964844,375.1499938964844,389.0,371.0,382.1499938964844,47000
2024-10-23,378.04998779296875,378.04998779296875,384.0,370.79998779296875,375.0,37500
2024-10-24,378.95001220703125,378.95001220703125,378.95001220703125,373.0,378.0,16500
2024-10-25,364.20001220703125,364.20001220703125,375.29998779296875,358.25,375.29998779296875,55500
2024-10-28,346.0,346.0,365.6000061035156,342.0,365.29998779296875,109000
2024-10-29,349.6000061035156,349.6000061035156,352.0,340.0,346.0,56500
2024-10-30,349.75,349.75,355.0,348.0,349.0,77500
2024-10-31,360.1000061035156,360.1000061035156,364.3500061035156,349.0,354.79998779296875,95750
2024-11-01,364.75,364.75,367.0,362.0,365.0,13250
2024-11-04,361.79998779296875,361.79998779296875,367.0,357.5,362.04998779296875,19500
2024-11-05,390.20001220703125,390.20001220703125,397.0,362.04998779296875,362.04998779296875,161000
2024-11-06,406.1499938964844,406.1499938964844,414.79998779296875,388.25,394.95001220703125,126500
2024-11-07,401.3500061035156,401.3500061035156,405.95001220703125,397.0,405.95001220703125,31750
2024-11-08,401.75,401.75,411.95001220703125,398.0,404.95001220703125,43500
2024-11-11,412.8500061035156,412.8500061035156,418.0,399.0,404.0,108500
2024-11-12,418.29998779296875,418.29998779296875,426.8999938964844,410.0,415.0,196250
2024-11-13,389.8500061035156,389.8500061035156,421.8999938964844,387.0,418.29998779296875,174250
2024-11-14,394.75,394.75,410.0,385.0,410.0,131500
2024-11-18,393.04998779296875,393.04998779296875,402.0,381.04998779296875,400.0,111750
2024-11-19,383.8500061035156,383.8500061035156,400.0,381.3999938964844,398.8999938964844,143250
2024-11-21,374.3500061035156,374.3500061035156,386.79998779296875,368.0,383.0,162000
2024-11-22,380.0,380.0,385.8999938964844,372.0,374.3500061035156,23750
2024-11-25,385.8500061035156,385.8500061035156,395.8999938964844,378.0,380.0,168250
2024-11-26,390.1000061035156,390.1000061035156,393.5,385.0,390.0,33750
2024-11-27,380.54998779296875,380.54998779296875,395.0,374.3500061035156,394.95001220703125,106250
2024-11-28,368.29998779296875,368.29998779296875,380.0,365.0,380.0,111500
2024-11-29,375.8999938964844,375.8999938964844,377.95001220703125,366.20001220703125,371.0,54000
2024-12-02,372.20001220703125,372.20001220703125,378.8500061035156,369.0,378.75,52250
2024-12-03,388.0,388.0,401.0,372.0,372.0,166500
2024-12-04,391.3999938964844,391.3999938964844,399.0,389.0,391.79998779296875,61500
2024-12-05,383.70001220703125,383.70001220703125,393.75,379.0,393.70001220703125,46750
2024-12-06,381.6000061035156,381.6000061035156,389.70001220703125,381.0,389.0,28500
2024-12-09,376.54998779296875,376.54998779296875,385.6499938964844,375.25,382.3999938964844,31750
2024-12-10,377.75,377.75,386.8999938964844,371.29998779296875,386.5,61250
2024-12-11,368.20001220703125,368.20001220703125,381.79998779296875,366.04998779296875,378.0,93750
2024-12-12,368.5,368.5,373.0,365.1499938964844,373.0,43000
2024-12-13,369.8500061035156,369.8500061035156,373.95001220703125,366.0,366.0,32000
2024-12-16,375.1000061035156,375.1000061035156,376.70001220703125,367.5,373.0,41750
2024-12-17,365.1499938964844,365.1499938964844,376.75,363.45001220703125,376.75,59250
2024-12-18,364.3500061035156,364.3500061035156,375.0,359.5,367.04998779296875,123000
2024-12-19,356.75,356.75,367.79998779296875,354.20001220703125,361.0,127250
2024-12-20,343.95001220703125,343.95001220703125,362.8500061035156,338.5,358.6000061035156,234000
2024-12-23,337.20001220703125,337.20001220703125,351.8999938964844,333.20001220703125,351.8999938964844,87500
2024-12-24,344.04998779296875,344.04998779296875,350.0,338.0,339.8999938964844,125750
2024-12-26,340.0,340.0,349.0,334.0,348.70001220703125,175750
2024-12-27,341.45001220703125,341.45001220703125,348.0,337.04998779296875,342.0,73750
2024-12-30,363.0,363.0,369.0,342.45001220703125,345.45001220703125,176250
2024-12-31,389.3500061035156,389.3500061035156,395.0,360.0,365.45001220703125,229750
2025-01-01,409.75,409.75,412.8500061035156,386.1499938964844,390.8500061035156,227000
2025-01-02,421.95001220703125,421.95001220703125,426.79998779296875,399.1000061035156,417.0,470750
2025-01-03,428.70001220703125,428.70001220703125,432.0,423.0,428.8500061035156,263500
2025-01-06,408.79998779296875,408.79998779296875,441.0,389.6499938964844,430.04998779296875,263750
2025-01-07,419.8500061035156,419.8500061035156,421.0,406.6000061035156,413.0,128750
2025-01-08,414.8999938964844,414.8999938964844,425.0,405.0,423.8999938964844,69250
2025-01-09,408.1499938964844,408.1499938964844,418.0,406.0,414.5,70500
2025-01-10,396.1499938964844,396.1499938964844,408.54998779296875,380.1000061035156,408.54998779296875,153000
2025-01-13,377.8500061035156,377.8500061035156,400.0,374.0,378.0,82250
2025-01-14,388.29998779296875,388.29998779296875,391.04998779296875,374.0,382.8999938964844,74750
2025-01-15,387.6499938964844,387.6499938964844,397.8999938964844,386.1000061035156,391.8999938964844,22750
2025-01-16,396.75,396.75,412.75,393.95001220703125,393.95001220703125,76500
2025-01-17,388.95001220703125,388.95001220703125,396.8500061035156,387.0,395.0,12500
2025-01-20,381.45001220703125,381.45001220703125,393.95001220703125,378.04998779296875,386.0,50000
2025-01-21,376.6000061035156,376.6000061035156,387.8999938964844,372.6000061035156,383.1000061035156,29000
2025-01-22,367.45001220703125,367.45001220703125,379.8999938964844,361.0,376.0,62750
2025-01-23,361.79998779296875,361.79998779296875,369.79998779296875,360.0,364.0,74000
2025-01-24,362.1000061035156,362.1000061035156,371.0,355.0,367.95001220703125,84250
2025-01-27,343.45001220703125,343.45001220703125,360.8999938964844,342.0,360.0,51000
2025-01-28,334.25,334.25,349.70001220703125,318.20001220703125,349.70001220703125,61750
2025-01-29,347.79998779296875,347.79998779296875,352.0,335.0,340.0,57500
2025-01-30,360.70001220703125,360.70001220703125,368.0,349.95001220703125,350.0,41750
2025-01-31,347.95001220703125,347.95001220703125,367.8500061035156,343.29998779296875,359.95001220703125,117250
2025-02-01,360.95001220703125,360.95001220703125,364.0,347.29998779296875,347.95001220703125,27750
2025-02-03,356.8500061035156,356.8500061035156,361.0,347.29998779296875,353.8999938964844,39500
2025-02-04,356.5,356.5,358.45001220703125,348.0,355.0,32750
2025-02-05,354.0,354.0,371.0,347.1499938964844,353.0,113500
2025-02-06,350.8500061035156,350.8500061035156,359.8999938964844,350.0,355.0,49250
2025-02-07,341.70001220703125,341.70001220703125,351.3999938964844,340.1000061035156,351.0,37500
2025-02-10,333.6000061035156,333.6000061035156,341.70001220703125,331.0,341.70001220703125,23250
2025-02-11,325.25,325.25,334.0,320.5,328.0,101500
2025-02-12,321.04998779296875,321.04998779296875,330.0,300.0,322.1000061035156,122750
2025-02-13,325.0,325.0,340.0,319.8999938964844,326.79998779296875,52250
2025-02-14,317.3500061035156,317.3500061035156,330.0,305.0,328.0,86000
2025-02-17,298.1499938964844,298.1499938964844,311.1499938964844,292.29998779296875,311.1499938964844,101000
2025-02-18,304.95001220703125,304.95001220703125,321.0,275.04998779296875,298.0,181000
2025-02-19,300.8500061035156,300.8500061035156,321.0,298.0,311.0,63750
2025-02-20,306.75,306.75,310.0,295.04998779296875,300.0,47000
2025-02-21,308.8999938964844,308.8999938964844,314.0,305.0,308.0,48250
2025-02-24,303.29998779296875,303.29998779296875,308.95001220703125,301.04998779296875,306.45001220703125,19500
2025-02-25,301.6499938964844,301.6499938964844,305.5,296.5,300.04998779296875,24750
2025-02-27,287.5,287.5,303.0,280.0,303.0,56000
2025-02-28,291.8999938964844,291.8999938964844,298.0,262.3999938964844,282.0,187250
2025-03-03,283.0,283.0,290.0,272.0,290.0,96750
2025-03-04,273.6499938964844,273.6499938964844,290.3999938964844,270.20001220703125,275.0,82750
2025-03-05,278.54998779296875,278.54998779296875,290.3999938964844,275.95001220703125,275.95001220703125,113750
2025-03-06,277.8500061035156,277.8500061035156,282.6499938964844,275.04998779296875,280.20001220703125,121000
2025-03-07,274.1000061035156,274.1000061035156,279.79998779296875,272.0,279.54998779296875,82000
2025-03-10,260.20001220703125,260.20001220703125,277.95001220703125,254.0,274.1499938964844,124500
2025-03-11,266.8999938964844,266.8999938964844,281.70001220703125,244.9499969482422,255.0,328250
2025-03-12,270.6000061035156,270.6000061035156,278.95001220703125,249.0,275.0,312250
2025-03-13,263.79998779296875,263.79998779296875,273.0,260.0,270.0,167500
2025-03-17,284.0,284.0,289.70001220703125,250.0500030517578,262.8999938964844,697500
2025-03-18,284.0,284.0,284.0,284.0,284.0,0
2025-03-19,286.8500061035156,286.8500061035156,297.6499938964844,278.0,278.0,163250
2025-03-20,282.3500061035156,282.3500061035156,292.95001220703125,280.3500061035156,292.95001220703125,95250
2025-03-21,302.1499938964844,302.1499938964844,306.0,286.95001220703125,286.95001220703125,150500
2025-03-24,300.8500061035156,300.8500061035156,308.8500061035156,296.54998779296875,306.8999938964844,141500
2025-03-25,286.54998779296875,286.54998779296875,298.8500061035156,285.0,293.29998779296875,178250
2025-03-26,277.5,277.5,290.0,275.0,290.0,89250
2025-03-27,264.54998779296875,264.54998779296875,280.0,262.20001220703125,277.5,371250
2025-03-28,279.1499938964844,279.1499938964844,286.0,258.79998779296875,269.79998779296875,287500
2025-04-01,296.8999938964844,296.8999938964844,303.0,278.0,278.0,103250
2025-04-02,296.8999938964844,296.8999938964844,301.0,296.0,301.0,32250
2025-04-03,304.29998779296875,304.29998779296875,310.0,288.0,288.0,101500
2025-04-04,286.1000061035156,286.1000061035156,301.79998779296875,283.0,300.0,135750
2025-04-07,267.75,267.75,273.0,260.0,261.0,74000
2025-04-08,279.29998779296875,279.29998779296875,284.20001220703125,267.75,276.79998779296875,47250
2025-04-09,272.6000061035156,272.6000061035156,276.5,267.75,274.95001220703125,55250
2025-04-11,282.29998779296875,282.29998779296875,285.0,280.0,282.95001220703125,28250
2025-04-15,288.79998779296875,288.79998779296875,292.8500061035156,286.0,288.0,53750
2025-04-16,288.3500061035156,288.3500061035156,291.1499938964844,285.1000061035156,288.79998779296875,70750
2025-04-17,302.95001220703125,302.95001220703125,304.0,285.0,285.20001220703125,183250
2025-04-21,298.75,298.75,314.0,296.3999938964844,314.0,105250
2025-04-22,295.04998779296875,295.04998779296875,303.0,293.79998779296875,299.8999938964844,37000
2025-04-23,291.3500061035156,291.3500061035156,300.0,290.0,298.0,34500
2025-04-24,294.20001220703125,294.20001220703125,296.0,289.0,295.0,23750
2025-04-25,280.6499938964844,280.6499938964844,295.25,279.0,295.04998779296875,55500
2025-04-28,278.75,278.75,283.0,275.0,279.0,26000
2025-04-29,279.6000061035156,279.6000061035156,281.95001220703125,278.54998779296875,279.0,14750
2025-04-30,269.45001220703125,269.45001220703125,279.6000061035156,268.3500061035156,279.6000061035156,44750
2025-05-02,259.0,259.0,271.0,253.0,271.0,161000
2025-05-05,279.75,279.75,282.70001220703125,256.0,262.5,143750
2025-05-06,277.6000061035156,277.6000061035156,283.0,268.5,275.0,116250
2025-05-07,283.20001220703125,283.20001220703125,287.0,271.1000061035156,275.0,71500
2025-05-08,270.3500061035156,270.3500061035156,285.79998779296875,267.1499938964844,281.1000061035156,46000
2025-05-09,267.79998779296875,267.79998779296875,270.3500061035156,264.95001220703125,268.0,28500
2025-05-12,281.3500061035156,281.3500061035156,283.5,275.6499938964844,279.0,30250
2025-05-13,272.3500061035156,272.3500061035156,284.0,269.3999938964844,282.0,63250
2025-05-14,273.1499938964844,273.1499938964844,279.0,272.0,274.0,53750
2025-05-15,272.3999938964844,272.3999938964844,273.8999938964844,267.5,272.70001220703125,50750
2025-05-16,283.29998779296875,283.29998779296875,291.5,271.04998779296875,272.5,109000
2025-05-19,281.8500061035156,281.8500061035156,285.75,280.0,280.1000061035156,50000
2025-05-20,280.45001220703125,280.45001220703125,286.5,279.75,284.0,34500
2025-05-21,281.20001220703125,281.20001220703125,281.95001220703125,278.0,278.54998779296875,24250
2025-05-22,305.75,305.75,320.0,280.0,280.04998779296875,282000
2025-05-23,300.20001220703125,300.20001220703125,308.45001220703125,297.79998779296875,308.45001220703125,39750
2025-05-26,311.04998779296875,311.04998779296875,317.8999938964844,300.75,300.75,67250
2025-05-27,319.6499938964844,319.6499938964844,321.0,306.25,308.25,60750
2025-05-28,329.25,329.25,332.8500061035156,319.6499938964844,319.6499938964844,158750
2025-05-29,324.8999938964844,324.8999938964844,338.0,321.75,333.0,71250
2025-05-30,279.8500061035156,279.8500061035156,298.0,277.1499938964844,298.0,574500
2025-06-02,287.1499938964844,287.1499938964844,289.95001220703125,272.54998779296875,282.0,78750
2025-06-03,284.79998779296875,284.79998779296875,291.75,282.0,285.8500061035156,41000
2025-06-04,283.25,283.25,288.0,276.0,283.54998779296875,84250
2025-06-05,288.8500061035156,288.8500061035156,293.0,279.5,281.04998779296875,298000
2025-06-06,286.3500061035156,286.3500061035156,294.70001220703125,281.5,294.70001220703125,72500
2025-06-09,285.1000061035156,285.1000061035156,291.0,284.0,289.0,57250
2025-06-10,280.8999938964844,280.8999938964844,286.0,280.0,286.0,64250
2025-06-11,295.75,295.75,296.8999938964844,278.0,280.3500061035156,283500
2025-06-12,289.45001220703125,289.45001220703125,295.0,285.5,295.0,45000
2025-06-13,290.04998779296875,290.04998779296875,294.75,280.1000061035156,281.70001220703125,44750
2025-06-16,283.04998779296875,283.04998779296875,286.3500061035156,280.0,286.3500061035156,84500
2025-06-17,281.79998779296875,281.79998779296875,284.5,280.04998779296875,283.0,26500
2025-06-18,278.45001220703125,278.45001220703125,280.20001220703125,278.0,280.04998779296875,17250
2025-06-19,273.29998779296875,273.29998779296875,281.5,271.70001220703125,280.95001220703125,50250
2025-06-20,278.04998779296875,278.04998779296875,282.5,272.3999938964844,273.8500061035156,48750
2025-06-23,275.04998779296875,275.04998779296875,279.6499938964844,274.1000061035156,274.79998779296875,20250
2025-06-24,274.3999938964844,274.3999938964844,282.0,272.0,280.0,32000
2025-06-25,273.3999938964844,273.3999938964844,276.6000061035156,270.0,275.0,45750
2025-06-26,280.79998779296875,280.79998779296875,281.5,272.0,276.8500061035156,306250
2025-06-27,283.04998779296875,283.04998779296875,288.0,277.6499938964844,282.45001220703125,184750
2025-06-30,289.6499938964844,289.6499938964844,298.3999938964844,285.0,286.3999938964844,208750
2025-07-01,289.29998779296875,289.29998779296875,290.3999938964844,287.1499938964844,289.6499938964844,53750
2025-07-02,282.5,282.5,291.0,280.3500061035156,290.0,55500
2025-07-03,278.3500061035156,278.3500061035156,284.95001220703125,277.0,281.5,54750
2025-07-04,276.6000061035156,276.6000061035156,280.79998779296875,271.0,278.0,68500
2025-07-07,277.20001220703125,277.20001220703125,280.0,274.04998779296875,276.79998779296875,60750
2025-07-08,269.6000061035156,269.6000061035156,283.0,265.0,275.1000061035156,516000
2025-07-09,275.29998779296875,275.29998779296875,278.5,272.0,273.0,72000
2025-07-10,275.0,275.0,275.75,274.25,275.70001220703125,75750
2025-07-11,285.6499938964844,285.6499938964844,287.79998779296875,276.0,277.0,110250
2025-07-14,287.1499938964844,287.1499938964844,290.0,285.0,285.6499938964844,33500
2025-07-15,287.45001220703125,287.45001220703125,292.0,285.0,288.95001220703125,34500
2025-07-16,295.8999938964844,295.8999938964844,297.0,287.0,287.54998779296875,99750
2025-07-17,295.8500061035156,295.8500061035156,302.0,294.0,295.0,41750
2025-07-18,299.6499938964844,299.6499938964844,308.0,295.0,295.0,90000
2025-07-21,296.75,296.75,303.8999938964844,291.3999938964844,299.70001220703125,44000
2025-07-22,290.0,290.0,300.04998779296875,288.0,295.0,60500
2025-07-23,288.20001220703125,288.20001220703125,296.5,287.1000061035156,293.0,38000
2025-07-24,281.54998779296875,281.54998779296875,286.20001220703125,281.0,285.29998779296875,29500
2025-07-25,277.1499938964844,277.1499938964844,281.0,276.0,281.0,26000
2025-07-28,275.20001220703125,275.20001220703125,279.0,274.95001220703125,276.1000061035156,22500
2025-07-29,282.5,282.5,283.0,269.1000061035156,276.5,533750
2025-07-30,284.1499938964844,284.1499938964844,285.0,279.0,280.0,29000
2025-07-31,281.29998779296875,281.29998779296875,283.5,277.0,278.0,40750
2025-08-01,284.1000061035156,284.1000061035156,305.0,276.1000061035156,282.0,238500
2025-08-04,278.54998779296875,278.54998779296875,283.0,278.0,283.0,16250
2025-08-05,274.3500061035156,274.3500061035156,282.79998779296875,273.0,282.79998779296875,28750
2025-08-06,275.25,275.25,278.0,269.8999938964844,272.5,110000
2025-08-07,275.79998779296875,275.79998779296875,276.0,270.54998779296875,273.29998779296875,27000
2025-08-08,277.25,277.25,283.0,276.0,277.75,62750
2025-08-11,273.45001220703125,273.45001220703125,277.20001220703125,271.25,277.0,32750
2025-08-12,272.25,272.25,275.0,270.8999938964844,272.20001220703125,38250
2025-08-13,265.0,265.0,274.0,260.0,272.25,69750
2025-08-14,263.54998779296875,263.54998779296875,265.1000061035156,262.0,265.0,24250
2025-08-18,261.8999938964844,261.8999938964844,268.0,261.0,268.0,20000
2025-08-19,259.0,259.0,264.79998779296875,256.0,256.0,47750
2025-08-20,255.64999389648438,255.64999389648438,258.75,254.14999389648438,258.5,40500
2025-08-21,258.1499938964844,258.1499938964844,267.0,253.60000610351562,253.60000610351562,26000
2025-08-22,258.79998779296875,258.79998779296875,262.0,258.0,258.0,15000
2025-08-25,253.25,253.25,258.04998779296875,252.0,258.04998779296875,33000
2025-08-26,252.0500030517578,252.0500030517578,259.0,250.0500030517578,252.10000610351562,85250
2025-08-28,249.1999969482422,249.1999969482422,252.5,246.0,251.89999389648438,24750
2025-08-29,249.10000610351562,249.10000610351562,250.5,243.6999969482422,249.1999969482422,57000
2025-09-01,254.5500030517578,254.5500030517578,255.0,246.8000030517578,249.0,20750
2025-09-02,257.70001220703125,257.70001220703125,259.0,253.0,253.0,30250
2025-09-03,255.89999389648438,255.89999389648438,258.5,253.5,254.64999389648438,6750
2025-09-04,259.3500061035156,259.3500061035156,263.0,256.8500061035156,261.95001220703125,26250
2025-09-05,257.1000061035156,257.1000061035156,258.8999938964844,254.9499969482422,258.1000061035156,13000
2025-09-08,244.1999969482422,244.1999969482422,255.10000610351562,242.64999389648438,255.10000610351562,65500
2025-09-09,245.4499969482422,245.4499969482422,248.0,242.14999389648438,244.0,31000
2025-09-10,243.75,243.75,249.1999969482422,242.1999969482422,245.4499969482422,47750
2025-09-11,249.64999389648438,249.64999389648438,250.0,242.0,242.5,243000
2025-09-12,253.25,253.25,255.0,249.5,252.1999969482422,67500
2025-09-15,252.9499969482422,252.9499969482422,253.5,250.0500030517578,251.10000610351562,57750
2025-09-16,254.35000610351562,254.35000610351562,257.0,251.25,251.6999969482422,19750
2025-09-17,254.85000610351562,254.85000610351562,257.0,253.0,257.0,19250
2025-09-18,264.6000061035156,264.6000061035156,268.0,254.0,254.0500030517578,57000
2025-09-19,271.6000061035156,271.6000061035156,275.0,265.95001220703125,265.95001220703125,84750
2025-09-22,270.54998779296875,270.54998779296875,273.5,270.0,270.0,12750
2025-09-23,269.6000061035156,269.6000061035156,273.70001220703125,268.0,271.5,25500
2025-09-24,270.75,270.75,272.0,268.0,271.8999938964844,16000
2025-09-25,267.95001220703125,267.95001220703125,269.1499938964844,267.70001220703125,269.1499938964844,10000
2025-09-26,259.20001220703125,259.20001220703125,270.04998779296875,228.0,266.0,237000
2025-09-29,256.5,256.5,261.0,256.0,260.1000061035156,20500
2025-09-30,250.85000610351562,250.85000610351562,259.20001220703125,247.10000610351562,255.0,143000
2025-10-01,249.9499969482422,249.9499969482422,254.0,247.1999969482422,254.0,144250
2025-10-03,249.39999389648438,249.39999389648438,254.0,248.1999969482422,250.0500030517578,20500
2025-10-06,247.60000610351562,247.60000610351562,253.8000030517578,247.0,248.0,8000
2025-10-07,245.0,245.0,250.0,245.0,248.0,19250
2025-10-08,245.1999969482422,245.1999969482422,247.0,238.0,245.14999389648438,37250
2025-10-09,239.3000030517578,239.3000030517578,245.1999969482422,238.0,245.1999969482422,17750
2025-10-10,255.3000030517578,255.3000030517578,277.79998779296875,241.75,242.0,228000
2025-10-13,251.0500030517578,251.0500030517578,260.0,248.60000610351562,251.3000030517578,26250
2025-10-14,250.0,250.0,256.5,248.5,253.9499969482422,21000
2025-10-15,258.70001220703125,258.70001220703125,260.0,249.0,250.0,35750
2025-10-16,261.25,261.25,267.0,255.0,260.0,113750
2025-10-17,274.75,274.75,277.0,257.5,261.8999938964844,152000
2025-10-20,278.1499938964844,278.1499938964844,281.5,270.0,270.0,62500
2025-10-21,273.95001220703125,273.95001220703125,276.0,272.0,275.3500061035156,9250
2025-10-23,249.8000030517578,249.8000030517578,280.0,236.5500030517578,275.0,670250
2025-10-24,246.1999969482422,246.1999969482422,269.0,237.5,259.0,805750
2025-10-27,249.85000610351562,249.85000610351562,252.39999389648438,234.0,245.5500030517578,377250
2025-10-28,247.0,247.0,252.0,241.0,252.0,73750
2025-10-29,246.4499969482422,246.4499969482422,250.0,242.8000030517578,245.35000610351562,156250
2025-10-30,246.1999969482422,246.1999969482422,249.3000030517578,245.75,246.25,20750
2025-10-31,243.1999969482422,243.1999969482422,248.89999389648438,242.0,248.89999389648438,20000
2025-11-03,242.64999389648438,242.64999389648438,247.35000610351562,242.0500030517578,245.0,31250
2025-11-04,244.4499969482422,244.4499969482422,251.0,241.0,243.60000610351562,50250
2025-11-06,248.5500030517578,248.5500030517578,250.10000610351562,242.0,246.89999389648438,72250
2025-11-07,242.60000610351562,242.60000610351562,246.3000030517578,241.0,246.0,26250
2025-11-10,240.39999389648438,240.39999389648438,244.89999389648438,238.0,244.89999389648438,22000
2025-11-11,255.5,255.5,287.0,237.0,241.60000610351562,531250
2025-11-12,253.4499969482422,253.4499969482422,264.0,252.89999389648438,260.0,58750
2025-11-13,252.14999389648438,252.14999389648438,260.54998779296875,251.0,255.0,129500
2025-11-14,242.64999389648438,242.64999389648438,254.4499969482422,241.5,252.0,58250
2025-11-17,240.5500030517578,240.5500030517578,245.0,240.0,242.14999389648438,46250
2025-11-18,240.1999969482422,240.1999969482422,245.0,239.5500030517578,244.0,31500
2025-11-19,239.4499969482422,239.4499969482422,244.0,238.0,241.9499969482422,26000
2025-11-20,239.4499969482422,239.4499969482422,243.0,234.0,238.5,174500
2025-11-21,239.9499969482422,239.9499969482422,241.5,237.5500030517578,238.5,45250
2025-11-24,237.4499969482422,237.4499969482422,243.5,236.4499969482422,240.0,15250
2025-11-25,236.4499969482422,236.4499969482422,243.0,235.0500030517578,241.8000030517578,24250
2025-11-26,237.89999389648438,237.89999389648438,240.0,236.0,239.75,39250
2025-11-27,249.8000030517578,249.8000030517578,269.8999938964844,236.1999969482422,239.0,835750
2025-11-28,249.4499969482422,249.4499969482422,255.0,239.85000610351562,241.8000030517578,349500
2025-12-01,242.5500030517578,242.5500030517578,251.9499969482422,241.1999969482422,245.0,24000
2025-12-02,240.64999389648438,240.64999389648438,246.0500030517578,240.1999969482422,242.0,109500
2025-12-03,235.35000610351562,235.35000610351562,243.0,235.0,241.0500030517578,106000
2025-12-04,226.25,226.25,238.3000030517578,221.60000610351562,235.5,132000
2025-12-05,231.6999969482422,231.6999969482422,243.5,223.14999389648438,224.0,167750
2025-12-08,216.5,216.5,231.4499969482422,212.0,229.0,57500
2025-12-09,214.0,214.0,221.5,208.0,215.25,53250
2025-12-10,217.6999969482422,217.6999969482422,225.0,213.25,213.25,74000
2025-12-11,216.39999389648438,216.39999389648438,220.0500030517578,215.0,217.6999969482422,35000
2025-12-12,225.14999389648438,225.14999389648438,228.89999389648438,219.8000030517578,219.8000030517578,149000
2025-12-15,225.0,225.0,228.5,224.0,225.0,32500
2025-12-16,225.0,225.0,232.10000610351562,225.0,227.9499969482422,19750
2025-12-17,220.0,220.0,227.0,219.5,227.0,120000
2025-12-18,216.25,216.25,217.60000610351562,213.5500030517578,216.5,12250
2025-12-19,216.5500030517578,216.5500030517578,218.6999969482422,213.0,216.1999969482422,29750
2025-12-22,212.75,212.75,220.5,210.0,218.14999389648438,25750
2025-12-23,218.0500030517578,218.0500030517578,220.0,213.0500030517578,213.8000030517578,43250
2025-12-24,211.6999969482422,211.6999969482422,223.8000030517578,211.0,218.64999389648438,633750
2025-12-26,206.9499969482422,206.9499969482422,218.85000610351562,205.0500030517578,211.3000030517578,118500
2025-12-29,190.0,190.0,207.9499969482422,180.0,207.9499969482422,215000
2025-12-30,193.6999969482422,193.6999969482422,203.39999389648438,192.0,193.25,152250
2025-12-31,197.60000610351562,197.60000610351562,206.0,194.0,195.60000610351562,214750
2026-01-01,194.85000610351562,194.85000610351562,202.89999389648438,190.10000610351562,200.0,152250
2026-01-02,194.3000030517578,194.3000030517578,197.85000610351562,193.5,194.89999389648438,159000
2026-01-05,192.0500030517578,192.0500030517578,200.0,188.10000610351562,195.0,75000
2026-01-06,186.60000610351562,186.60000610351562,191.3000030517578,184.5,191.3000030517578,128500
2026-01-07,196.14999389648438,196.14999389648438,201.75,180.0,187.8000030517578,176000
2026-01-08,201.5500030517578,201.5500030517578,218.0,198.0,199.0,301000
2026-01-09,198.0,198.0,205.85000610351562,193.0,203.0,83500
2026-01-12,202.6999969482422,202.6999969482422,205.89999389648438,194.0,198.0500030517578,47500
2026-01-13,198.39999389648438,198.39999389648438,203.5,197.0,203.35000610351562,50000
2026-01-14,194.39999389648438,194.39999389648438,202.85000610351562,192.5,202.85000610351562,43000
2026-01-16,195.0,195.0,198.8000030517578,194.0,194.0,21250
2026-01-19,188.85000610351562,188.85000610351562,197.39999389648438,188.0,194.10000610351562,40250
2026-01-20,190.9499969482422,190.9499969482422,196.0,182.0,188.89999389648438,129250
2026-01-21,193.6999969482422,193.6999969482422,198.8000030517578,183.0,192.0,58750
2026-01-22,197.5500030517578,197.5500030517578,204.0,194.0,194.0,194250
2026-01-23,193.75,193.75,200.0,188.0,199.0,55250
2026-01-27,186.5500030517578,186.5500030517578,194.4499969482422,184.0500030517578,193.75,37750
2026-01-28,185.0500030517578,185.0500030517578,192.89999389648438,182.5,192.89999389648438,75250
2026-01-29,198.5,198.5,203.0,180.0,185.0500030517578,593750
2026-01-30,197.14999389648438,197.14999389648438,198.0,196.0,196.0,312750
2026-02-02,190.5,190.5,194.0,190.0,191.10000610351562,143250
2026-02-03,201.39999389648438,201.39999389648438,210.0,189.10000610351562,197.0500030517578,190750
2026-02-04,211.8000030517578,211.8000030517578,218.0,200.0,201.0,143250
2026-02-05,215.89999389648438,215.89999389648438,220.0,213.0500030517578,215.8000030517578,111250
2026-02-06,207.25,207.25,219.3000030517578,205.0,214.8000030517578,584250
2026-02-09,188.75,188.75,210.9499969482422,182.1999969482422,210.9499969482422,132250
2026-02-10,193.3000030517578,193.3000030517578,197.1999969482422,185.4499969482422,188.4499969482422,74250
2026-02-11,194.60000610351562,194.60000610351562,198.0,188.0,195.0,279000
2026-02-12,192.14999389648438,192.14999389648438,197.9499969482422,190.14999389648438,193.10000610351562,29000
2026-02-13,185.89999389648438,185.89999389648438,193.0,185.0,190.25,53500
2026-02-16,185.10000610351562,185.10000610351562,190.0,175.0,186.0,122750
2026-02-17,184.10000610351562,184.10000610351562,189.5,176.5500030517578,180.8000030517578,78500
2026-02-18,189.0,189.0,190.5,179.3000030517578,182.0,184750
2026-02-19,187.14999389648438,187.14999389648438,190.0,184.1999969482422,189.0,22750
2026-02-20,181.4499969482422,181.4499969482422,187.0,180.0500030517578,184.5,17750
2026-02-23,176.1999969482422,176.1999969482422,189.0,175.0,183.0500030517578,93500
2026-02-24,173.1999969482422,173.1999969482422,178.1999969482422,169.0,176.1999969482422,52500
2026-02-25,175.39999389648438,175.39999389648438,177.0,167.5,173.10000610351562,39000
2026-02-26,182.4499969482422,182.4499969482422,184.0,174.0,174.0,51250
2026-02-27,193.25,193.25,199.60000610351562,179.3000030517578,182.0,203250
2026-03-02,179.9499969482422,179.9499969482422,188.39999389648438,179.0,187.89999389648438,45750
2026-03-04,174.8000030517578,174.8000030517578,178.4499969482422,171.64999389648438,175.0,35000
2026-03-05,170.5,170.5,177.0,169.5,176.0,54750
2026-03-06,170.0500030517578,170.0500030517578,173.0,169.0,171.3000030517578,52250
2026-03-09,157.25,157.25,167.39999389648438,154.0,165.0500030517578,84750
2026-03-10,164.0,164.0,166.0,160.0,160.0,335250
2026-03-11,163.0500030517578,163.0500030517578,167.0,160.10000610351562,161.0500030517578,156000
2026-03-12,156.75,156.75,162.9499969482422,156.0,162.9499969482422,185500
2026-03-13,152.14999389648438,152.14999389648438,157.85000610351562,147.0,156.9499969482422,217250
2026-03-16,162.5500030517578,162.5500030517578,169.0,147.10000610351562,151.5,227250
2026-03-17,163.89999389648438,163.89999389648438,168.8000030517578,160.85000610351562,162.0,69000
2026-03-18,165.0500030517578,165.0500030517578,168.5,162.5,163.8000030517578,58750
2026-03-19,155.0500030517578,155.0500030517578,163.75,154.10000610351562,163.1999969482422,30500
2026-03-20,159.64999389648438,159.64999389648438,162.0,156.60000610351562,160.1999969482422,119750
2026-03-23,149.5,149.5,157.89999389648438,148.5500030517578,151.1999969482422,27500
2026-03-24,149.75,149.75,162.0,146.9499969482422,162.0,160750
2026-03-25,158.0500030517578,158.0500030517578,176.0,143.1999969482422,152.8000030517578,568750
2026-03-27,172.39999389648438,172.39999389648438,182.0,158.0500030517578,165.0,897250
2026-03-30,166.10000610351562,166.10000610351562,177.0,161.1999969482422,174.9499969482422,136500
2026-04-01,181.85000610351562,181.85000610351562,183.0,173.89999389648438,173.89999389648438,104250
2026-04-02,195.10000610351562,195.10000610351562,202.0,175.0,177.0,136500
2026-04-06,187.1999969482422,187.1999969482422,199.0,186.0,199.0,32750
2026-04-07,184.9499969482422,184.9499969482422,192.64999389648438,180.5,183.0,20500
2026-04-08,188.9499969482422,188.9499969482422,196.89999389648438,188.60000610351562,193.9499969482422,20750
2026-04-09,185.0,185.0,192.0,184.0,188.6999969482422,24750
2026-04-10,187.35000610351562,187.35000610351562,193.0,186.0500030517578,190.75,41000
2026-04-13,186.14999389648438,186.14999389648438,187.0,182.0,184.0,37500
2026-04-15,182.5,182.5,192.0,181.10000610351562,192.0,44500
2026-04-16,180.3000030517578,180.3000030517578,187.0,180.0,185.9499969482422,37250
2026-04-17,172.39999389648438,172.39999389648438,184.0,169.9499969482422,183.0,86500
2026-04-20,173.35000610351562,173.35000610351562,183.3000030517578,172.5,174.3000030517578,60750
2026-04-21,170.6999969482422,170.6999969482422,174.6999969482422,169.0,173.89999389648438,30500
2026-04-22,165.75,165.75,172.39999389648438,165.0,172.0,40750
2026-04-23,170.4499969482422,170.4499969482422,171.5,165.0,165.0,21250
2026-04-24,168.4499969482422,168.4499969482422,175.0,168.0,173.8000030517578,20250
2026-04-27,166.9499969482422,166.9499969482422,170.0,165.0,170.0,31750
2026-04-28,163.5,163.5,169.8000030517578,163.0,169.8000030517578,40250
2026-04-29,162.0500030517578,162.0500030517578,166.9499969482422,161.60000610351562,164.25,43500
2026-04-30,159.4499969482422,159.4499969482422,164.5,150.0,159.1999969482422,60000
2026-05-04,156.64999389648438,156.64999389648438,169.64999389648438,155.14999389648438,158.0,123500
2026-05-05,158.5500030517578,158.5500030517578,165.0,155.60000610351562,159.0,135000
2026-05-06,156.89999389648438,156.89999389648438,160.9499969482422,156.0,159.9499969482422,37000
2026-05-07,157.85000610351562,157.85000610351562,160.6999969482422,157.0,160.6999969482422,19000
2026-05-08,156.4499969482422,156.4499969482422,160.0,155.0,160.0,65500
2026-05-11,152.25,152.25,158.1999969482422,151.0,155.0,42250
2026-05-12,149.0500030517578,149.0500030517578,152.25,147.0500030517578,152.25,41250
2026-05-13,143.6999969482422,143.6999969482422,152.0,143.0,152.0,63750
2026-05-14,141.14999389648438,141.14999389648438,146.0,140.64999389648438,145.9499969482422,49750
2026-05-15,138.9499969482422,138.9499969482422,143.89999389648438,138.0,143.0,22000
2026-05-18,140.89999389648438,140.89999389648438,141.9499969482422,127.55000305175781,135.0,90000
2026-05-19,145.0500030517578,145.0500030517578,146.0,141.1999969482422,143.9499969482422,53000
2026-05-20,144.14999389648438,144.14999389648438,145.0500030517578,140.0,141.5,19500
2026-05-21,138.4499969482422,138.4499969482422,147.0,136.75,143.0,20750
2026-05-22,139.14999389648438,139.14999389648438,144.9499969482422,136.0,141.0,39500
2026-05-25,140.5500030517578,140.5500030517578,143.89999389648438,139.0,143.89999389648438,29000
2026-05-26,140.1999969482422,140.1999969482422,143.0,135.25,142.0,146500
2026-05-27,136.35000610351562,136.35000610351562,142.75,135.0,142.0,34000
2026-05-28,136.35000610351562,136.35000610351562,136.35000610351562,136.35000610351562,136.35000610351562,0
2026-05-29,139.1999969482422,139.1999969482422,141.0,137.5,138.9499969482422,30250
2026-06-01,139.85000610351562,139.85000610351562,150.0,138.0,144.85000610351562,77500
2026-06-02,141.10000610351562,141.10000610351562,143.4499969482422,138.89999389648438,138.89999389648438,23750
2026-06-03,137.0,137.0,139.89999389648438,136.0,139.6999969482422,28000
2026-06-04,147.0500030517578,147.0500030517578,155.0,134.75,138.0500030517578,180250
2026-06-05,139.9499969482422,139.9499969482422,147.0,138.0,145.0500030517578,149750
2026-06-08,136.8000030517578,136.8000030517578,140.0,135.5,139.9499969482422,28750
2026-06-09,139.10000610351562,139.10000610351562,139.8000030517578,137.0,138.0500030517578,168250
2026-06-10,137.3000030517578,137.3000030517578,138.9499969482422,136.0,138.0,78500
2026-06-11,136.0500030517578,136.0500030517578,138.0,134.60000610351562,137.0,24750
2026-06-12,134.60000610351562,134.60000610351562,137.5,134.0,137.5,161250
2026-06-15,134.10000610351562,134.10000610351562,138.0,133.85000610351562,135.0,57500
2026-06-16,132.85000610351562,132.85000610351562,137.0500030517578,132.0,137.0500030517578,38250
2026-06-17,133.3000030517578,133.3000030517578,136.0,133.0,135.0,59500
2026-06-18,134.1999969482422,134.1999969482422,134.6999969482422,132.5500030517578,133.0,9750
2026-06-19,132.0500030517578,132.0500030517578,134.1999969482422,131.10000610351562,134.1999969482422,27750
2026-06-22,132.0500030517578,132.0500030517578,135.60000610351562,132.0,135.60000610351562,20500
2026-06-23,131.5,131.5,133.25,130.8000030517578,133.0,44000
2026-06-24,130.85000610351562,130.85000610351562,135.60000610351562,129.0500030517578,135.60000610351562,30750
2026-06-25,129.64999389648438,129.64999389648438,133.85000610351562,128.89999389648438,131.0500030517578,61250
2026-06-26,129.64999389648438,129.64999389648438,129.64999389648438,129.64999389648438,129.64999389648438,0
2026-06-29,128.5500030517578,128.5500030517578,134.0,128.0,134.0,26250
2026-06-30,129.3000030517578,129.3000030517578,134.0,128.5,130.0,63000
2026-07-01,131.5,131.5,132.0,129.0500030517578,131.9499969482422,31500
2026-07-02,131.14999389648438,131.14999389648438,133.0,129.0,130.14999389648438,33000
2026-07-03,130.8000030517578,130.8000030517578,133.5,129.8000030517578,131.60000610351562,48500
2026-07-06,132.6999969482422,132.6999969482422,133.4499969482422,132.0,132.0500030517578,12500
2026-07-07,130.89999389648438,130.89999389648438,132.0,129.6999969482422,132.0,22500
2026-07-08,128.25,128.25,131.89999389648438,127.0,131.0,21000
2026-07-09,130.0,130.0,130.85000610351562,129.0,129.0,3750
2026-07-10,132.0,132.0,132.10000610351562,130.0500030517578,131.5500030517578,30250
2026-07-13,133.1999969482422,133.1999969482422,133.8000030517578,131.5,132.0,26750
2026-07-14,133.25,133.25,135.0,129.35000610351562,133.0,25750
2026-07-15,134.6999969482422,134.6999969482422,135.39999389648438,131.5,134.0,21250
2026-07-16,135.4499969482422,135.4499969482422,137.0,133.0500030517578,134.0,23250
2026-07-17,133.5500030517578,133.5500030517578,136.0,132.60000610351562,135.4499969482422,24000
2026-07-20,131.5500030517578,131.5500030517578,135.0500030517578,129.0500030517578,129.0500030517578,41750
2026-07-21,129.89999389648438,129.89999389648438,133.0,125.55000305175781,131.8000030517578,74750
2026-07-22,129.35000610351562,129.35000610351562,131.9499969482422,127.0,131.9499969482422,55750
2026-07-23,130.5,130.5,131.8000030517578,129.0,131.8000030517578,43750
2026-07-24,129.5,129.5,130.0,125.5,130.0,21000
2026-07-27,126.25,126.25,130.1999969482422,124.19999694824219,130.0,101750
2026-07-28,123.4000015258789,123.4000015258789,128.0,122.0999984741211,127.55000305175781,35250
2026-07-29,125.55000305175781,125.55000305175781,127.30000305175781,120.75,123.0999984741211,105750
2026-07-30,130.85000610351562,130.85000610351562,134.6999969482422,126.55000305175781,126.80000305175781,83250
2026-07-31,128.0500030517578,128.0500030517578,132.5,126.0,128.10000610351562,90750
2026-08-03,130.64999389648438,130.64999389648438,133.5,127.0,130.0,86000
2026-08-04,134.0,134.0,136.85000610351562,130.0,131.0,96250
2026-08-05,137.60000610351562,137.60000610351562,140.0,133.0,138.5,246500
2026-08-06,150.39999389648438,150.39999389648438,154.9499969482422,138.75,138.75,254250
2026-08-07,156.5500030517578,156.5500030517578,165.0,154.0,154.9499969482422,143750
2026-08-10,162.75,162.75,164.0,155.3000030517578,155.3000030517578,72000
2026-08-11,160.9499969482422,160.9499969482422,168.75,157.5,164.0,111250
2026-08-12,147.1999969482422,147.1999969482422,163.9499969482422,141.85000610351562,160.0,66223
2026-08-13,153.8000030517578,153.8000030517578,159.0,147.60000610351562,149.39999389648438,105782
2026-08-14,,,157.85000610351562,150.0,157.85000610351562,63691
